id,name,model_id,group_id/id,operation,domain
edit_sign_template,edit_sign_template,sign.oca.template,sign_oca_group_user,r,
edit_sign_template_admin,edit_sign_template_admin,sign.oca.template,sign_oca_group_admin,crud,
edit_sign_template_item,edit_sign_template_item,sign.oca.template.item,sign_oca_group_user,r,
edit_sign_template_item_admin,edit_sign_template_item_admin,sign.oca.template.item,sign_oca_group_admin,crud,
edit_sign_role,edit_sign_role,sign.oca.role,sign_oca_group_user,r,
edit_sign_role_admin,edit_sign_role_admin,sign.oca.role,sign_oca_group_admin,crud,
edit_sign_field,edit_sign_field,sign.oca.field,sign_oca_group_user,r,
edit_sign_field_admin,edit_sign_field_admin,sign.oca.field,sign_oca_group_admin,crud,
edit_sign_request_base_user,Sign Request base users: read own,sign.oca.request,base.group_user,r,"[('message_partner_ids', 'child_of', [user.partner_id.commercial_partner_id.id])]"
edit_sign_request,Sign Request user: read own,sign.oca.request,sign_oca_group_user,r,"[('message_partner_ids', 'child_of', [user.partner_id.commercial_partner_id.id])]"
edit_sign_request_write,Sign Request user: create and update,sign.oca.request,sign_oca_group_user,cu,
edit_sign_request_manager,Sign Request manager: read all,sign.oca.request,sign_oca_group_manager,r,
edit_sign_request_admin,edit_sign_request_admin,sign.oca.request,sign_oca_group_admin,crud,
sign_oca_request_rule_company,Sign Request Company,sign.oca.request,,crud,"[('company_id', 'in', company_ids)]"
edit_sign_request_signer_base_user,Sign Request Signer base users: read own,sign.oca.request.signer,base.group_user,r,"[('partner_id', 'child_of', [user.partner_id.commercial_partner_id.id])]"
edit_sign_request_signer,Sign Request Signer user: read own,sign.oca.request.signer,sign_oca_group_user,r,"[('request_id.message_partner_ids', 'child_of', [user.partner_id.commercial_partner_id.id])]"
edit_sign_request_signer_write,Sign Request Signer user: create update delete,sign.oca.request.signer,sign_oca_group_user,cud,
edit_sign_request_signer_manager,Sign Request Signer manager: read all,sign.oca.request.signer,sign_oca_group_manager,r,
sign_oca_request_signer_rule_company,Sign Request Signer Company,sign.oca.request.signer,,crud,"[('request_id.company_id', 'in', company_ids)]"
edit_sign_generate,edit_sign_generate,sign.oca.template.generate,sign_oca_group_user,crud,
edit_sign_generate_signer,edit_sign_generate_signer,sign.oca.template.generate.signer,sign_oca_group_user,crud,
edit_sign_generate_multi,edit_sign_generate_multi,sign.oca.template.generate.multi,sign_oca_group_user,crud,
access_sign_request_log,access_sign_request_log,sign.oca.request.log,sign_oca_group_user,r,
access_sign_request_log_admin,access_sign_request_log_admin,sign.oca.request.log,sign_oca_group_admin,crud,
